{
  "episode_data": {
    "episodes": [
      1,
      11,
      16,
      26,
      36,
      46,
      56,
      61,
      71,
      81,
      91,
      101,
      111,
      121,
      126,
      136,
      146,
      156,
      166,
      176,
      186,
      196,
      206,
      211,
      221,
      231,
      241,
      251,
      261,
      271,
      281,
      291,
      301,
      311
    ],
    "rewards": [
      -10.333333333333307,
      -14.999999999999963,
      -40.00000000000003,
      -33.77777777777777,
      -46.666666666666785,
      -50.00000000000017,
      -38.222222222222214,
      -76.66666666666632,
      -65.3333333333331,
      -78.44444444444407,
      -104.99999999999936,
      -104.99999999999936,
      -94.77777777777725,
      -98.77777777777722,
      -160.0000000000012,
      -160.0000000000012,
      -160.0000000000012,
      -153.55555555555665,
      -178.66666666666814,
      -176.44444444444588,
      -180.00000000000148,
      -172.88888888889028,
      -180.00000000000148,
      -171.55555555555685,
      -172.4444444444458,
      -178.6666666666681,
      -177.33333333333474,
      -181.3333333333348,
      -240.00000000000233,
      -240.00000000000233,
      -238.00000000000233,
      -240.00000000000233,
      -240.00000000000233,
      -240.00000000000233
    ],
    "actor_losses": [
      -0.0004927747650071979,
      0.002969033003319054,
      0.0025608399615157386,
      0.0039448720860527815,
      0.0035507663238910016,
      0.004994782552394316,
      0.00517399183983181,
      0.004620502974759705,
      0.005944609886709898,
      0.006371454369697615,
      0.005883593980974237,
      0.00597960258789922,
      0.006392668001887786,
      0.006598313339535225,
      0.006197384186521615,
      0.00940066300371478,
      0.010030242508627683,
      0.011353124862293342,
      0.010335638977554386,
      0.010790572956361124,
      0.010918184639282002,
      0.011929667406171835,
      0.012198359990841397,
      0.011055699806415662,
      0.011082582034322882,
      0.01140245568318957,
      0.01146867783461923,
      0.012373283529943954,
      0.010973235428035317,
      0.010071897009678237,
      0.008823146354109841,
      0.010138771015883204,
      0.009947626185921474,
      0.010067760578177251
    ],
    "critic_losses": [
      3.6533930897712708,
      3.546320767700672,
      3.606142203360796,
      3.526854071334004,
      3.5469028830364344,
      3.751994181856662,
      3.768124862776831,
      3.715982035636874,
      3.6300479091763243,
      3.500228045960642,
      3.7317408787432704,
      3.7793798923990183,
      3.9966536146850333,
      4.13452925972202,
      4.036978686082886,
      4.005645827259296,
      3.8371933780363268,
      3.7075064136610387,
      3.707074676814016,
      3.6587972535452273,
      3.5512315386916127,
      3.4623539362297886,
      3.3362832573604377,
      3.2547578758792692,
      3.231153438698943,
      3.2511905582651752,
      3.077689980140798,
      2.9621040259344635,
      2.9136558116564086,
      2.9610648758192895,
      2.832373190550211,
      3.205443211163464,
      3.074423506348177,
      2.8323735739190976
    ],
    "entropies": [
      2.3961862921714783,
      2.0508486330509186,
      2.395379960536957,
      2.267175167798996,
      2.3946468830108643,
      2.2661006152629852,
      2.3093559443950653,
      2.3957125544548035,
      1.9683202803134918,
      2.190125435590744,
      2.395782083272934,
      2.21939679980278,
      2.251614063978195,
      2.212159216403961,
      2.3940871953964233,
      2.1476082503795624,
      2.2169236838817596,
      2.1543587148189545,
      2.3939918279647827,
      2.239228665828705,
      2.060513496398926,
      2.1835007667541504,
      2.1352794468402863,
      2.3939118087291718,
      2.1414619088172913,
      2.1868890821933746,
      2.192430943250656,
      2.2418318390846252,
      2.392464816570282,
      2.0461819767951965,
      2.046045958995819,
      2.0471760034561157,
      2.1460462510585785,
      2.2149912118911743
    ],
    "completion_rates": [
      0.3,
      0.0,
      0.0,
      0.1,
      0.06666666666666667,
      0.0,
      0.2333333333333333,
      0.16666666666666666,
      0.26666666666666666,
      0.3,
      0.0,
      0.0,
      0.125,
      0.15,
      0.0,
      0.0,
      0.0,
      0.15,
      0.02,
      0.08,
      0.0,
      0.16,
      0.0,
      0.2,
      0.26666666666666666,
      0.21666666666666665,
      0.18333333333333335,
      0.11666666666666665,
      0.0,
      0.0,
      0.0375,
      0.0,
      0.0,
      0.0
    ],
    "load_utilizations": [
      0.34491105747022105,
      0.7019356066294414,
      0.40505458896576946,
      0.5221930951061985,
      0.6472652290691808,
      0.3941109703470629,
      0.4003728347202394,
      0.48029199633651687,
      0.3204355754292798,
      0.7634690247709954,
      0.6426827887605054,
      0.48494374069371093,
      0.6138261065650128,
      0.5343482859765131,
      0.690468709267576,
      0.4007579010074767,
      0.5177989875639075,
      0.5190068458174082,
      0.3318459256714466,
      0.6461362955647895,
      0.5531952244184064,
      0.3545220320806504,
      0.41521894044174584,
      0.7933186656376048,
      0.5406071266542669,
      0.7562653659532462,
      0.39076710981584956,
      0.3293897986582514,
      0.6179471856164751,
      0.6320763250705209,
      0.3740938654612785,
      0.6913684724314465,
      0.562076192344432,
      0.40609062305758176
    ],
    "path_lengths": [
      150.0,
      150.0,
      200.0,
      200.0,
      250.0,
      250.0,
      250.0,
      300.0,
      300.0,
      300.0,
      350.0,
      350.0,
      350.0,
      350.0,
      400.0,
      400.0,
      400.0,
      400.0,
      450.0,
      450.0,
      450.0,
      450.0,
      450.0,
      500.0,
      500.0,
      500.0,
      500.0,
      500.0,
      600.0,
      600.0,
      600.0,
      600.0,
      600.0,
      600.0
    ],
    "collision_counts": [
      4,
      3,
      0,
      2,
      2,
      0,
      2,
      4,
      2,
      2,
      2,
      0,
      1,
      0,
      2,
      1,
      2,
      2,
      1,
      2,
      1,
      2,
      1,
      4,
      2,
      2,
      2,
      4,
      2,
      0,
      1,
      2,
      2,
      4
    ],
    "episode_lengths": [
      0,
      0,
      0,
      0,
      0,
      0,
      0,
      0,
      0,
      0,
      0,
      0,
      0,
      0,
      0,
      0,
      0,
      0,
      0,
      0,
      0,
      0,
      0,
      0,
      0,
      0,
      0,
      0,
      0,
      0,
      0,
      0,
      0,
      0
    ],
    "timestamps": [
      1749283735.495292,
      1749283741.2670367,
      1749283747.370845,
      1749283757.6346145,
      1749283770.1913881,
      1749283780.7737668,
      1749283791.3251767,
      1749283800.5970678,
      1749283815.9289207,
      1749283831.2532127,
      1749283849.0365105,
      1749283864.8695078,
      1749283880.7084832,
      1749283896.5542665,
      1749283909.4909804,
      1749283930.4312263,
      1749283951.336627,
      1749283972.1964145,
      1749283995.5837595,
      1749284017.0074663,
      1749284038.4291928,
      1749284059.8623,
      1749284081.456365,
      1749284096.9334629,
      1749284118.8501763,
      1749284140.7287953,
      1749284162.683698,
      1749284184.628073,
      1749284209.7382097,
      1749284232.8712456,
      1749284256.0547574,
      1749284279.2571158,
      1749284302.5300484,
      1749284325.8024213
    ]
  },
  "step_data": {
    "steps": [],
    "actor_losses": [],
    "critic_losses": [],
    "entropies": [],
    "learning_rates": [],
    "timestamps": []
  },
  "config": {
    "environment": {
      "map_width": 30,
      "map_height": 14,
      "num_agvs": 4,
      "num_tasks": 16,
      "max_load": 25,
      "max_steps": 600,
      "shelf_width": 4,
      "shelf_height": 2,